{"Root": {"CCAT": 0.3981983977553808, "ECAT": 0.12733045372318824, "GCAT": 0.2573190091187655, "MCAT": 0.21715213940266548}, "CCAT": {"C11": 0.05063861758076633, "C12": 0.028625093914350107, "C13": 0.0711495116453794, "C14": 0.012021036814425241, "C15": 0.3139744552967693, "C16": 0.00368144252441773, "C17": 0.0880540946656649, "C18": 0.10984222389181064, "C21": 0.0595792637114951, "C22": 0.014274981217129975, "C23": 0.004658151765589781, "C24": 0.06927122464312546, "C31": 0.07948910593538691, "C32": 0.0032306536438767835, "C33": 0.033283245679939885, "C34": 0.009015777610818931, "C41": 0.023441021788129218, "C42": 0.02577009767092411}, "C15": {"C151": 0.5507448789571695, "C152": 0.44925512104283055}, "C151": {"C1511": 1.0}, "C17": {"C171": 0.4185823754789272, "C172": 0.27298850574712646, "C173": 0.07279693486590039, "C174": 0.23563218390804597}, "C18": {"C181": 0.7779212395093609, "C182": 0.09167204648160103, "C183": 0.13040671400903808}, "C31": {"C311": 0.4119106699751861, "C312": 0.48635235732009924, "C313": 0.10173697270471464}, "C33": {"C331": 1.0}, "C41": {"C411": 1.0}, "ECAT": {"E11": 0.07338243029984218, "E12": 0.17859021567596, "E13": 0.04918463966333507, "E14": 0.017096265123619146, "E21": 0.3300894266175696, "E31": 0.01735928458705944, "E41": 0.11809573908469224, "E51": 0.1685954760652288, "E61": 0.003945291951604418, "E71": 0.043661230931088896}, "E12": {"E121": 1.0}, "E13": {"E131": 0.907608695652174, "E132": 0.09239130434782608}, "E14": {"E141": 0.2222222222222222, "E142": 0.14814814814814814, "E143": 0.6296296296296297}, "E21": {"E211": 0.32301587301587303, "E212": 0.676984126984127}, "E31": {"E311": 0.9347826086956522, "E312": 0.0, "E313": 0.06521739130434782}, "E41": {"E411": 1.0}, "E51": {"E511": 0.18345323741007194, "E512": 0.7194244604316546, "E513": 0.09712230215827339}, "GCAT": {"G15": 0.042179874506158496, "GCRIM": 0.13165233557982803, "GDEF": 0.02707413432488961, "GDIP": 0.11666279339995352, "GDIS": 0.03404601440855217, "GENT": 0.012316988147803859, "GENV": 0.019986056239832677, "GFAS": 0.0006971880083662561, "GHEA": 0.022891006274692077, "GJOB": 0.0547292586567511, "GMIL": 0.0, "GOBIT": 0.0015105740181268882, "GODD": 0.010457820125493842, "GPOL": 0.19137810829653729, "GPRO": 0.01928886823146642, "GREL": 0.010690216128282594, "GSCI": 0.004299326051591913, "GSPO": 0.1060887752730653, "GTOUR": 0.0026725540320706484, "GVIO": 0.12956077155472925, "GVOTE": 0.040204508482454104, "GWEA": 0.015686730188240763, "GWELF": 0.005926098071113177}, "G15": {"G151": 0.11666666666666667, "G152": 0.08333333333333333, "G153": 0.14047619047619048, "G154": 0.32857142857142857, "G155": 0.09047619047619047, "G156": 0.004761904761904762, "G157": 0.10714285714285714, "G158": 0.12380952380952381, "G159": 0.004761904761904762}, "MCAT": {"M11": 0.2099626805127373, "M12": 0.11877332467953919, "M13": 0.25896478987506083, "M14": 0.41229920493266264}, "M13": {"M131": 0.574299634591961, "M132": 0.42570036540803896}, "M14": {"M141": 0.6218556701030928, "M142": 0.1282474226804124, "M143": 0.24989690721649488}}