{"Root": {"CCAT": 0.37500000000000006, "ECAT": 0.16666666666666669, "GCAT": 0.29166666666666674, "MCAT": 0.16666666666666669}, "CCAT": {"C12": 0.08333333333333333, "C13": 0.16666666666666666, "C15": 0.3333333333333333, "C18": 0.08333333333333333, "C22": 0.08333333333333333, "C24": 0.16666666666666666, "C31": 0.0, "C33": 0.08333333333333333, "C41": 0.0}, "C15": {"C151": 0.25, "C152": 0.75}, "C151": {"C1511": 0}, "C18": {"C181": 1.0}, "C31": {"C311": 0}, "C41": {"C411": 0}, "ECAT": {"E12": 0.25, "E21": 0.5, "E51": 0.25, "E71": 0.0}, "E21": {"E211": 0.5, "E212": 0.5}, "E51": {"E512": 1.0}, "GCAT": {"G15": 0.18181818181818182, "GCRIM": 0.2727272727272727, "GDIP": 0.09090909090909091, "GPOL": 0.2727272727272727, "GSPO": 0.0, "GVIO": 0.18181818181818182}, "G15": {"G154": 1.0}, "MCAT": {"M11": 0.25, "M12": 0.25, "M13": 0.25, "M14": 0.25}, "M13": {"M131": 0.0, "M132": 1.0}, "M14": {"M141": 1.0}}